{
  "timestamp": "2025-11-17T12:26:43.556Z",
  "users": [
    {
      "user_id": "6822713015",
      "username": "iamnobita2967",
      "first_name": "Nobita🜲ᴀ×ᴡ 𓆩🖤𓆪",
      "berries": "0",
      "daily_streak": 0,
      "weekly_streak": 0,
      "last_daily_claim": null,
      "last_weekly_claim": null,
      "last_claim_date": null,
      "favorite_waifu_id": null,
      "harem_filter_rarity": null,
      "created_at": "2025-11-17T10:27:49.760Z"
    },
    {
      "user_id": "8200402508",
      "username": "Tanjirokamado7777",
      "first_name": "TANJIRO",
      "berries": "0",
      "daily_streak": 0,
      "weekly_streak": 0,
      "last_daily_claim": null,
      "last_weekly_claim": null,
      "last_claim_date": null,
      "favorite_waifu_id": null,
      "harem_filter_rarity": null,
      "created_at": "2025-11-16T12:42:17.411Z"
    },
    {
      "user_id": "7307385698",
      "username": "JrUmemiya7",
      "first_name": "Haruka",
      "berries": "2594",
      "daily_streak": 0,
      "weekly_streak": 0,
      "last_daily_claim": null,
      "last_weekly_claim": null,
      "last_claim_date": null,
      "favorite_waifu_id": null,
      "harem_filter_rarity": null,
      "created_at": "2025-11-16T11:02:32.737Z"
    },
    {
      "user_id": "6961145569",
      "username": "bhk_mc",
      "first_name": "ㅤㅤㅤㅤㅤㅤ",
      "berries": "4043",
      "daily_streak": 0,
      "weekly_streak": 0,
      "last_daily_claim": null,
      "last_weekly_claim": null,
      "last_claim_date": null,
      "favorite_waifu_id": null,
      "harem_filter_rarity": null,
      "created_at": "2025-11-17T10:43:06.886Z"
    },
    {
      "user_id": "7215212687",
      "username": "anuragmahant",
      "first_name": "Anurag",
      "berries": "7934",
      "daily_streak": 0,
      "weekly_streak": 0,
      "last_daily_claim": null,
      "last_weekly_claim": null,
      "last_claim_date": null,
      "favorite_waifu_id": null,
      "harem_filter_rarity": null,
      "created_at": "2025-11-16T12:15:15.020Z"
    },
    {
      "user_id": "7977634394",
      "username": "Inosukehashibira7777",
      "first_name": "INOSUKE HASHIBIRA",
      "berries": "5463",
      "daily_streak": 1,
      "weekly_streak": 1,
      "last_daily_claim": "2025-11-17T10:44:35.518Z",
      "last_weekly_claim": "2025-11-17T10:44:41.194Z",
      "last_claim_date": null,
      "favorite_waifu_id": null,
      "harem_filter_rarity": null,
      "created_at": "2025-11-16T11:54:52.030Z"
    },
    {
      "user_id": "5665891012",
      "username": "KILLER_EREN",
      "first_name": "⚡𝙀 𝙍 𝙀 𝙉 𝙔 𝙀 𝘼 𝙂 𝙀 𝙍⚡",
      "berries": "5600",
      "daily_streak": 1,
      "weekly_streak": 1,
      "last_daily_claim": "2025-11-17T10:28:22.496Z",
      "last_weekly_claim": "2025-11-17T10:28:30.664Z",
      "last_claim_date": "2025-11-17T00:00:00.000Z",
      "favorite_waifu_id": null,
      "harem_filter_rarity": null,
      "created_at": "2025-11-16T11:03:26.598Z"
    },
    {
      "user_id": "6374911003",
      "username": null,
      "first_name": "SIMON_RILEY 🜲ᴀ×ᴡ 𓆩🖤𓆪",
      "berries": "16809",
      "daily_streak": 1,
      "weekly_streak": 1,
      "last_daily_claim": "2025-11-17T10:01:15.430Z",
      "last_weekly_claim": "2025-11-17T10:01:21.226Z",
      "last_claim_date": "2025-11-17T00:00:00.000Z",
      "favorite_waifu_id": null,
      "harem_filter_rarity": null,
      "created_at": "2025-11-16T12:05:59.975Z"
    },
    {
      "user_id": "7321416346",
      "username": null,
      "first_name": "GUN PARK",
      "berries": "0",
      "daily_streak": 0,
      "weekly_streak": 0,
      "last_daily_claim": null,
      "last_weekly_claim": null,
      "last_claim_date": null,
      "favorite_waifu_id": null,
      "harem_filter_rarity": null,
      "created_at": "2025-11-16T12:24:17.690Z"
    },
    {
      "user_id": "7456205090",
      "username": null,
      "first_name": "Jitesh",
      "berries": "0",
      "daily_streak": 0,
      "weekly_streak": 0,
      "last_daily_claim": null,
      "last_weekly_claim": null,
      "last_claim_date": null,
      "favorite_waifu_id": null,
      "harem_filter_rarity": null,
      "created_at": "2025-11-16T12:24:28.677Z"
    },
    {
      "user_id": "6199067638",
      "username": null,
      "first_name": "Gunn Park",
      "berries": "0",
      "daily_streak": 0,
      "weekly_streak": 0,
      "last_daily_claim": null,
      "last_weekly_claim": null,
      "last_claim_date": null,
      "favorite_waifu_id": null,
      "harem_filter_rarity": null,
      "created_at": "2025-11-16T12:24:59.393Z"
    },
    {
      "user_id": "7205925625",
      "username": null,
      "first_name": "Zoro",
      "berries": "0",
      "daily_streak": 0,
      "weekly_streak": 0,
      "last_daily_claim": null,
      "last_weekly_claim": null,
      "last_claim_date": null,
      "favorite_waifu_id": null,
      "harem_filter_rarity": null,
      "created_at": "2025-11-16T12:24:40.812Z"
    },
    {
      "user_id": "6687703327",
      "username": "The_ray_0007",
      "first_name": "ꜱʜɪɴᴄʜᴀɴ",
      "berries": "0",
      "daily_streak": 0,
      "weekly_streak": 0,
      "last_daily_claim": null,
      "last_weekly_claim": null,
      "last_claim_date": null,
      "favorite_waifu_id": null,
      "harem_filter_rarity": null,
      "created_at": "2025-11-17T09:36:37.139Z"
    },
    {
      "user_id": "6245574035",
      "username": "THEGAMERADEPT",
      "first_name": "𝙂𝘼𝙈𝙀𝙍 [𝙏𝙃𝙀 𝘾𝙊𝙈𝘽𝘼𝘾𝙆𝙀𝙍] 🜲ᴀ×ᴡ 𓆩🖤𓆪",
      "berries": "16161",
      "daily_streak": 1,
      "weekly_streak": 1,
      "last_daily_claim": "2025-11-17T09:43:19.688Z",
      "last_weekly_claim": "2025-11-17T10:28:00.263Z",
      "last_claim_date": "2025-11-17T00:00:00.000Z",
      "favorite_waifu_id": null,
      "harem_filter_rarity": null,
      "created_at": "2025-11-16T10:45:41.233Z"
    },
    {
      "user_id": "8386613158",
      "username": "Kibutsuji_muzan_22",
      "first_name": "👑 ᴍᴜᴢᴀɴ亗ᴋɪʙᴜᴛsᴜᴊɪ 🥀〆 ᴅ‌‌‌×ʜ ✨",
      "berries": "600",
      "daily_streak": 1,
      "weekly_streak": 1,
      "last_daily_claim": "2025-11-17T12:26:04.252Z",
      "last_weekly_claim": "2025-11-17T12:26:03.515Z",
      "last_claim_date": null,
      "favorite_waifu_id": null,
      "harem_filter_rarity": null,
      "created_at": "2025-11-16T10:45:41.298Z"
    },
    {
      "user_id": "6913347548",
      "username": "Thewarrior124",
      "first_name": "ᶦᶰᵈ Mʀ᭄࿊┊ᴬ ᴹ ᴬ ᴺ ᴱ 𖣘 ¦'๋ࣩࣩࣩࣩࣩࣩࣩࣩࣩࣩࣩࣩࣩࣩࣩࣩࣩࣩࣩࣩࣩࣩࣩࣩࣩࣧࣧࣧࣧࣧࣧࣧࣧࣧࣧࣧ͜͡",
      "berries": "0",
      "daily_streak": 0,
      "weekly_streak": 0,
      "last_daily_claim": null,
      "last_weekly_claim": null,
      "last_claim_date": null,
      "favorite_waifu_id": null,
      "harem_filter_rarity": null,
      "created_at": "2025-11-17T09:47:07.140Z"
    },
    {
      "user_id": "8215101040",
      "username": null,
      "first_name": "🩵🩷🩶",
      "berries": "0",
      "daily_streak": 0,
      "weekly_streak": 0,
      "last_daily_claim": null,
      "last_weekly_claim": null,
      "last_claim_date": "2025-11-17T00:00:00.000Z",
      "favorite_waifu_id": null,
      "harem_filter_rarity": null,
      "created_at": "2025-11-17T11:12:52.201Z"
    },
    {
      "user_id": "6353553958",
      "username": "DemonXploit",
      "first_name": "Makoto",
      "berries": "700",
      "daily_streak": 0,
      "weekly_streak": 0,
      "last_daily_claim": null,
      "last_weekly_claim": null,
      "last_claim_date": null,
      "favorite_waifu_id": null,
      "harem_filter_rarity": null,
      "created_at": "2025-11-16T10:58:44.801Z"
    },
    {
      "user_id": "8163432539",
      "username": null,
      "first_name": "ㅤㅤㅤㅤ",
      "berries": "91227",
      "daily_streak": 1,
      "weekly_streak": 0,
      "last_daily_claim": "2025-11-16T11:06:48.223Z",
      "last_weekly_claim": null,
      "last_claim_date": "2025-11-16T00:00:00.000Z",
      "favorite_waifu_id": null,
      "harem_filter_rarity": null,
      "created_at": "2025-11-16T11:02:45.418Z"
    },
    {
      "user_id": "5834136812",
      "username": null,
      "first_name": "𝕭𝖆𝖇𝖆 𝕿𝖎𝖑𝖑𝖚",
      "berries": "6062",
      "daily_streak": 0,
      "weekly_streak": 0,
      "last_daily_claim": null,
      "last_weekly_claim": null,
      "last_claim_date": "2025-11-17T00:00:00.000Z",
      "favorite_waifu_id": null,
      "harem_filter_rarity": null,
      "created_at": "2025-11-17T11:54:31.776Z"
    }
  ],
  "waifus": [
    {
      "waifu_id": 1,
      "name": "Saitama",
      "anime": "One Punch Man",
      "rarity": 1,
      "gender": "Male",
      "image_file_id": "AgACAgUAAyEFAATDOVlpAAIJSWkYr4usoReLtmsZfQy2OjSAHMq4AAKzC2sbCg_IVCKphMk2MsP7AQADAgADeQADNgQ",
      "price": "0",
      "is_locked": false,
      "uploaded_by": "6245574035",
      "created_at": "2025-11-16T10:47:28.667Z"
    },
    {
      "waifu_id": 3,
      "name": "kafka",
      "anime": "Honkai: Star Rail",
      "rarity": 3,
      "gender": "Female",
      "image_file_id": "AgACAgUAAyEFAATDOVlpAAIM42kZvI1W3ggzj2teL5Jn5mVzpDs5AAJZDGsbE1nJVEcFf9DVWLxmAQADAgADeQADNgQ",
      "price": "0",
      "is_locked": false,
      "uploaded_by": "6374911003",
      "created_at": "2025-11-16T12:09:36.803Z"
    },
    {
      "waifu_id": 4,
      "name": "Esdeath",
      "anime": "akame ga kill",
      "rarity": 9,
      "gender": "female",
      "image_file_id": "AgACAgUAAyEFAATDOVlpAAINXWkZv1AixyFa0AABagzOqsYZmUDEKgAC0QxrG8MFyVSBgGkwKIJzeQEAAwIAA3kAAzYE",
      "price": "0",
      "is_locked": false,
      "uploaded_by": "6353553958",
      "created_at": "2025-11-16T12:11:27.147Z"
    },
    {
      "waifu_id": 5,
      "name": "Gojo satoru",
      "anime": "Jujutsu kaisen",
      "rarity": 6,
      "gender": "Male",
      "image_file_id": "AgACAgUAAyEFAATDOVlpAAIGq2kYWyG376dOK1R7K6v-UQYFYDyLAAJtC2sbHBDBVDyKtgb5fqCZAQADAgADeQADNgQ",
      "price": "0",
      "is_locked": false,
      "uploaded_by": "6374911003",
      "created_at": "2025-11-16T12:20:30.376Z"
    }
  ],
  "harem": [
    {
      "user_id": "6245574035",
      "waifu_id": 1,
      "acquired_date": "2025-11-16T10:47:51.633Z"
    },
    {
      "user_id": "7307385698",
      "waifu_id": 1,
      "acquired_date": "2025-11-16T11:02:35.793Z"
    },
    {
      "user_id": "5665891012",
      "waifu_id": 1,
      "acquired_date": "2025-11-16T11:03:29.320Z"
    },
    {
      "user_id": "7977634394",
      "waifu_id": 1,
      "acquired_date": "2025-11-16T11:54:55.165Z"
    },
    {
      "user_id": "6374911003",
      "waifu_id": 3,
      "acquired_date": "2025-11-16T12:15:58.621Z"
    },
    {
      "user_id": "8386613158",
      "waifu_id": 3,
      "acquired_date": "2025-11-16T12:20:37.997Z"
    },
    {
      "user_id": "7321416346",
      "waifu_id": 3,
      "acquired_date": "2025-11-16T12:24:20.423Z"
    },
    {
      "user_id": "7456205090",
      "waifu_id": 4,
      "acquired_date": "2025-11-16T12:24:31.407Z"
    },
    {
      "user_id": "8163432539",
      "waifu_id": 1,
      "acquired_date": "2025-11-16T12:24:57.911Z"
    },
    {
      "user_id": "8200402508",
      "waifu_id": 3,
      "acquired_date": "2025-11-16T12:42:20.834Z"
    },
    {
      "user_id": "6245574035",
      "waifu_id": 4,
      "acquired_date": "2025-11-17T02:03:20.654Z"
    },
    {
      "user_id": "6687703327",
      "waifu_id": 5,
      "acquired_date": "2025-11-17T09:36:40.432Z"
    },
    {
      "user_id": "6687703327",
      "waifu_id": 4,
      "acquired_date": "2025-11-17T09:36:40.434Z"
    },
    {
      "user_id": "6199067638",
      "waifu_id": 5,
      "acquired_date": "2025-11-17T09:36:52.507Z"
    },
    {
      "user_id": "7205925625",
      "waifu_id": 5,
      "acquired_date": "2025-11-17T09:36:53.009Z"
    },
    {
      "user_id": "7215212687",
      "waifu_id": 5,
      "acquired_date": "2025-11-17T09:36:53.073Z"
    },
    {
      "user_id": "6913347548",
      "waifu_id": 5,
      "acquired_date": "2025-11-17T09:47:10.227Z"
    },
    {
      "user_id": "6374911003",
      "waifu_id": 4,
      "acquired_date": "2025-11-17T10:01:33.824Z"
    },
    {
      "user_id": "6822713015",
      "waifu_id": 5,
      "acquired_date": "2025-11-17T10:27:52.946Z"
    },
    {
      "user_id": "6822713015",
      "waifu_id": 3,
      "acquired_date": "2025-11-17T10:28:58.948Z"
    },
    {
      "user_id": "7977634394",
      "waifu_id": 5,
      "acquired_date": "2025-11-17T10:43:10.280Z"
    },
    {
      "user_id": "7307385698",
      "waifu_id": 5,
      "acquired_date": "2025-11-17T10:43:10.285Z"
    },
    {
      "user_id": "8215101040",
      "waifu_id": 1,
      "acquired_date": "2025-11-17T11:12:52.437Z"
    },
    {
      "user_id": "8215101040",
      "waifu_id": 4,
      "acquired_date": "2025-11-17T11:14:57.874Z"
    },
    {
      "user_id": "6353553958",
      "waifu_id": 5,
      "acquired_date": "2025-11-17T11:15:29.714Z"
    },
    {
      "user_id": "6961145569",
      "waifu_id": 4,
      "acquired_date": "2025-11-17T11:49:13.565Z"
    },
    {
      "user_id": "5834136812",
      "waifu_id": 3,
      "acquired_date": "2025-11-17T11:54:34.183Z"
    }
  ],
  "roles": [
    {
      "user_id": "6245574035",
      "role_type": "dev",
      "granted_at": "2025-11-16T10:46:01.377Z"
    },
    {
      "user_id": "6353553958",
      "role_type": "uploader",
      "granted_at": "2025-11-16T12:01:40.324Z"
    },
    {
      "user_id": "6374911003",
      "role_type": "uploader",
      "granted_at": "2025-11-16T12:06:00.155Z"
    },
    {
      "user_id": "8163432539",
      "role_type": "sudo",
      "granted_at": "2025-11-16T12:06:16.934Z"
    }
  ]
}